type,id,subreddit.id,subreddit.name,subreddit.nsfw,created_utc,permalink,domain,url,selftext,title,score
post,ttdab1,2s5ti,meirl,false,1648771149,https://old.reddit.com/r/meirl/comments/ttdab1/meirl/,i.imgur.com,https://i.imgur.com/ucZiw34.jpg,,meirl,93
post,ttd0r4,2s5ti,meirl,false,1648770296,https://old.reddit.com/r/meirl/comments/ttd0r4/me_irl/,i.redd.it,https://i.redd.it/x8sehlq23tq81.jpg,,Me_irl,1
post,ttd04u,2s5ti,meirl,false,1648770242,https://old.reddit.com/r/meirl/comments/ttd04u/meirl/,i.redd.it,https://i.redd.it/p86ehgxw2tq81.jpg,,Meirl,605
post,ttc7og,2s5ti,meirl,false,1648767776,https://old.reddit.com/r/meirl/comments/ttc7og/meirl/,imgur.com,https://imgur.com/KIU84VZ.jpeg,,meirl,67
post,ttc58g,2s5ti,meirl,false,1648767600,https://old.reddit.com/r/meirl/comments/ttc58g/me_irl/,i.redd.it,https://i.redd.it/to2ot762vsq81.jpg,,me irl,32
post,ttc1qh,2s5ti,meirl,false,1648767299,https://old.reddit.com/r/meirl/comments/ttc1qh/meirl/,i.redd.it,https://i.redd.it/rxur9tl5usq81.jpg,,meirl,34
post,ttbzp1,2s5ti,meirl,false,1648767122,https://old.reddit.com/r/meirl/comments/ttbzp1/meirl/,i.redd.it,https://i.redd.it/0bd45q1ntsq81.jpg,,Meirl,27
post,ttbv93,2s5ti,meirl,false,1648766739,https://old.reddit.com/r/meirl/comments/ttbv93/meirl/,i.redd.it,https://i.redd.it/bxfvfw1issq81.jpg,,Meirl,144
post,ttbnpo,2s5ti,meirl,false,1648766096,https://old.reddit.com/r/meirl/comments/ttbnpo/meirl/,i.redd.it,https://i.redd.it/gnf42s5lqsq81.jpg,,Meirl,309
post,ttb8c3,2s5ti,meirl,false,1648764855,https://old.reddit.com/r/meirl/comments/ttb8c3/me_irl/,i.redd.it,https://i.redd.it/990cmy4wmsq81.jpg,,Me irl,37
post,ttb2cr,2s5ti,meirl,false,1648764384,https://old.reddit.com/r/meirl/comments/ttb2cr/meirl/,i.redd.it,https://i.redd.it/qocvsgvhlsq81.jpg,,meirl,1
post,ttapjb,2s5ti,meirl,false,1648763425,https://old.reddit.com/r/meirl/comments/ttapjb/meirl/,i.redd.it,https://i.redd.it/5i0wvn8nisq81.jpg,,Meirl,1
post,ttaogn,2s5ti,meirl,false,1648763343,https://old.reddit.com/r/meirl/comments/ttaogn/was_the_best/,i.redd.it,,[deleted],Was the best!,1
post,tt9v20,2s5ti,meirl,false,1648761063,https://old.reddit.com/r/meirl/comments/tt9v20/meirl/,i.redd.it,https://i.redd.it/xqq467fmbsq81.jpg,,meirl,3006
post,tt9tmq,2s5ti,meirl,false,1648760958,https://old.reddit.com/r/meirl/comments/tt9tmq/make_money_online_easy_at_home/,youtu.be,https://youtu.be/pXEBUIG4cnI,,Make money online easy at home,1
